customer_id,Recency,Frequency,Monetary,R_Score,F_Score,M_Score,RFM_Segment,RFM_Score
C1000,178,2,315.45,2,1,2,212,5
C1001,445,1,161.53,1,1,1,111,3
C1002,251,4,1989.17,2,3,3,233,8
C1003,124,3,147.0,3,2,1,321,6
C1004,130,4,740.68,3,3,2,332,8
C1005,12,6,1489.54,4,4,3,443,11
C1006,160,2,861.02,2,1,2,212,5
C1007,175,3,3801.62,2,2,4,224,8
C1008,220,1,51.74,2,1,1,211,4
C1009,85,3,3261.78,3,2,4,324,9
C1010,168,2,133.96,2,1,1,211,4
C1011,80,5,3490.0,3,4,4,344,11
C1012,186,6,2336.6,2,4,3,243,9
C1013,316,1,42.26,1,1,1,111,3
C1014,316,1,691.58,1,1,2,112,4
C1015,565,1,151.07,1,1,1,111,3
C1016,15,5,3920.14,4,4,4,444,12
C1017,352,2,2695.77,1,1,4,114,6
C1018,47,5,4113.17,4,4,4,444,12
C1019,304,1,783.0,1,1,2,112,4
C1020,49,2,984.6800000000001,4,1,3,413,8
C1021,27,5,2777.09,4,4,4,444,12
C1024,64,6,2392.69,3,4,3,343,10
C1025,323,2,1215.3600000000001,1,1,3,113,5
C1026,146,2,1112.81,2,1,3,213,6
C1027,329,2,98.27000000000001,1,1,1,111,3
C1028,68,2,283.38,3,1,1,311,5
C1029,18,4,3360.06,4,3,4,434,11
C1030,358,2,767.93,1,1,2,112,4
C1031,195,2,476.13,2,1,2,212,5
C1032,241,2,115.74,2,1,1,211,4
C1033,306,1,85.55,1,1,1,111,3
C1035,412,2,108.4,1,1,1,111,3
C1037,85,3,1871.89,3,2,3,323,8
C1038,53,5,457.46,4,4,2,442,10
C1039,147,4,2311.72,2,3,3,233,8
C1040,204,2,265.01,2,1,1,211,4
C1041,592,1,438.91,1,1,2,112,4
C1042,71,4,3576.17,3,3,4,334,10
C1043,41,5,3900.06,4,4,4,444,12
C1044,226,4,664.21,2,3,2,232,7
C1045,473,1,145.13,1,1,1,111,3
C1046,349,3,4800.63,1,2,4,124,7
C1047,83,4,1758.21,3,3,3,333,9
C1048,127,4,1101.81,3,3,3,333,9
C1049,30,5,5089.2,4,4,4,444,12
C1051,88,1,75.39,3,1,1,311,5
C1052,208,2,435.76,2,1,2,212,5
C1053,61,4,4933.7699999999995,3,3,4,334,10
C1054,144,1,15.19,2,1,1,211,4
C1055,27,3,1486.75,4,2,3,423,9
C1056,205,1,1123.73,2,1,3,213,6
C1057,112,3,3150.9,3,2,4,324,9
C1058,84,6,6960.9,3,4,4,344,11
C1059,314,3,198.67000000000002,1,2,1,121,4
C1060,79,3,699.89,3,2,2,322,7
C1061,75,2,269.96000000000004,3,1,1,311,5
C1062,137,3,1507.44,2,2,3,223,7
C1063,60,3,1380.47,3,2,3,323,8
C1064,20,5,740.06,4,4,2,442,10
C1067,178,3,4036.4,2,2,4,224,8
C1068,123,4,1302.8,3,3,3,333,9
C1069,281,2,1052.5900000000001,1,1,3,113,5
C1070,106,3,3987.13,3,2,4,324,9
C1071,51,5,1785.1,4,4,3,443,11
C1072,63,9,5361.93,3,4,4,344,11
C1073,165,2,1584.49,2,1,3,213,6
C1074,89,1,30.23,3,1,1,311,5
C1075,335,6,1833.64,1,4,3,143,8
C1076,349,1,356.36,1,1,2,112,4
C1077,21,2,57.5,4,1,1,411,6
C1078,399,2,2071.16,1,1,3,113,5
C1080,546,1,23.7,1,1,1,111,3
C1081,181,4,4715.65,2,3,4,234,9
C1082,103,4,963.9100000000001,3,3,3,333,9
C1083,96,3,239.26,3,2,1,321,6
C1084,457,1,15.42,1,1,1,111,3
C1085,19,2,295.61,4,1,1,411,6
C1086,469,2,170.79000000000002,1,1,1,111,3
C1087,79,4,526.42,3,3,2,332,8
C1088,172,2,739.4200000000001,2,1,2,212,5
C1089,94,4,6201.820000000001,3,3,4,334,10
C1090,52,3,391.33,4,2,2,422,8
C1091,204,2,165.97,2,1,1,211,4
C1092,27,7,5918.32,4,4,4,444,12
C1093,129,2,1292.98,3,1,3,313,7
C1094,92,1,12.36,3,1,1,311,5
C1095,22,6,715.74,4,4,2,442,10
C1096,157,2,2201.62,2,1,3,213,6
C1097,87,3,82.96000000000001,3,2,1,321,6
C1098,449,2,359.5,1,1,2,112,4
C1099,319,4,305.69,1,3,2,132,6
C1100,140,3,279.52,2,2,1,221,5
C1101,49,3,1076.94,4,2,3,423,9
C1102,256,2,470.03,1,1,2,112,4
C1103,35,6,1165.95,4,4,3,443,11
C1104,155,3,1739.0700000000002,2,2,3,223,7
C1105,157,3,1111.83,2,2,3,223,7
C1106,513,2,1009.76,1,1,3,113,5
C1107,25,3,189.51,4,2,1,421,7
C1108,337,6,1670.5,1,4,3,143,8
C1109,148,2,2634.03,2,1,4,214,7
C1110,53,5,633.9300000000001,4,4,2,442,10
C1111,53,5,4039.7300000000005,4,4,4,444,12
C1112,266,4,568.47,1,3,2,132,6
C1113,88,2,387.5,3,1,2,312,6
C1114,198,2,1357.78,2,1,3,213,6
C1115,12,4,2983.69,4,3,4,434,11
C1117,18,4,2556.1,4,3,4,434,11
C1118,369,2,107.57000000000001,1,1,1,111,3
C1119,110,2,205.23000000000002,3,1,1,311,5
C1120,158,2,142.78,2,1,1,211,4
C1121,49,3,519.31,4,2,2,422,8
C1122,305,2,614.86,1,1,2,112,4
C1123,377,4,4638.09,1,3,4,134,8
C1124,12,5,1081.47,4,4,3,443,11
C1125,566,1,42.59,1,1,1,111,3
C1126,63,3,748.1700000000001,3,2,2,322,7
C1127,80,5,2013.68,3,4,3,343,10
C1128,99,6,834.58,3,4,2,342,9
C1129,58,1,163.26,3,1,1,311,5
C1131,134,3,982.9999999999999,2,2,3,223,7
C1133,46,2,754.37,4,1,2,412,7
C1134,396,2,370.44,1,1,2,112,4
C1135,124,2,229.43,3,1,1,311,5
C1136,150,5,2539.49,2,4,4,244,10
C1137,1,4,1074.74,4,3,3,433,10
C1138,100,5,2756.93,3,4,4,344,11
C1139,82,4,148.56,3,3,1,331,7
C1140,37,6,3741.4799999999996,4,4,4,444,12
C1141,417,1,1047.94,1,1,3,113,5
C1142,185,3,361.3,2,2,2,222,6
C1143,94,3,2390.5399999999995,3,2,3,323,8
C1144,69,2,125.61,3,1,1,311,5
C1145,387,3,740.29,1,2,2,122,5
C1146,435,4,2373.61,1,3,3,133,7
C1147,150,3,1849.63,2,2,3,223,7
C1148,348,3,2487.06,1,2,4,124,7
C1149,25,3,4003.54,4,2,4,424,10
C1150,131,2,569.6,3,1,2,312,6
C1151,117,1,63.64,3,1,1,311,5
C1152,413,2,2210.1800000000003,1,1,3,113,5
C1153,221,5,5331.87,2,4,4,244,10
C1154,103,3,3440.36,3,2,4,324,9
C1155,16,6,2411.1800000000003,4,4,3,443,11
C1156,306,1,619.99,1,1,2,112,4
C1158,96,3,412.88,3,2,2,322,7
C1159,25,2,715.08,4,1,2,412,7
C1160,123,3,122.03,3,2,1,321,6
C1161,34,4,817.0999999999999,4,3,2,432,9
C1162,2,3,391.19,4,2,2,422,8
C1163,278,6,2441.05,1,4,4,144,9
C1164,516,1,122.89,1,1,1,111,3
C1165,27,7,957.99,4,4,3,443,11
C1166,265,1,182.43,1,1,1,111,3
C1167,27,1,21.81,4,1,1,411,6
C1168,510,1,96.33,1,1,1,111,3
C1169,168,3,1738.22,2,2,3,223,7
C1170,29,7,2798.81,4,4,4,444,12
C1172,328,3,378.49,1,2,2,122,5
C1174,80,6,921.92,3,4,3,343,10
C1175,138,1,1770.43,2,1,3,213,6
C1176,264,3,286.19,1,2,1,121,4
C1177,170,1,518.47,2,1,2,212,5
C1178,206,2,798.25,2,1,2,212,5
C1179,188,3,173.49,2,2,1,221,5
C1180,67,6,4373.57,3,4,4,344,11
C1181,97,4,3824.1000000000004,3,3,4,334,10
C1182,530,2,674.98,1,1,2,112,4
C1183,247,4,925.97,2,3,3,233,8
C1184,235,5,5063.4,2,4,4,244,10
C1185,367,1,990.39,1,1,3,113,5
C1186,40,7,1879.9,4,4,3,443,11
C1187,219,3,2173.41,2,2,3,223,7
C1188,43,3,2772.65,4,2,4,424,10
C1189,19,4,1842.84,4,3,3,433,10
C1190,162,4,1047.42,2,3,3,233,8
C1191,158,6,5381.95,2,4,4,244,10
C1192,335,5,1575.45,1,4,3,143,8
C1193,115,5,3346.27,3,4,4,344,11
C1194,109,8,4338.46,3,4,4,344,11
C1195,199,1,445.78,2,1,2,212,5
C1196,174,3,505.17999999999995,2,2,2,222,6
C1197,497,1,16.69,1,1,1,111,3
C1198,147,3,3422.0,2,2,4,224,8
C1200,154,6,5825.37,2,4,4,244,10
C1201,49,3,853.82,4,2,2,422,8
C1202,165,2,2524.93,2,1,4,214,7
C1203,8,2,206.39999999999998,4,1,1,411,6
C1204,260,3,2752.8599999999997,1,2,4,124,7
C1205,6,7,999.61,4,4,3,443,11
C1206,107,7,2688.26,3,4,4,344,11
C1207,28,3,636.76,4,2,2,422,8
C1208,1,1,164.57,4,1,1,411,6
C1209,123,4,193.83,3,3,1,331,7
C1210,58,4,7285.61,3,3,4,334,10
C1211,87,4,2007.8799999999999,3,3,3,333,9
C1212,361,2,729.0699999999999,1,1,2,112,4
C1213,95,3,233.44,3,2,1,321,6
C1214,127,3,300.01,3,2,2,322,7
C1215,437,1,74.17,1,1,1,111,3
C1216,241,2,195.07,2,1,1,211,4
C1217,78,4,850.6700000000001,3,3,2,332,8
C1218,468,1,136.98,1,1,1,111,3
C1219,219,2,214.55,2,1,1,211,4
C1220,171,3,1049.01,2,2,3,223,7
C1221,364,2,1802.96,1,1,3,113,5
C1222,379,3,3122.1099999999997,1,2,4,124,7
C1223,144,2,4096.4800000000005,2,1,4,214,7
C1224,34,3,4337.18,4,2,4,424,10
C1225,402,2,188.63,1,1,1,111,3
C1226,356,4,1669.15,1,3,3,133,7
C1227,214,3,508.41999999999996,2,2,2,222,6
C1228,119,2,2421.61,3,1,4,314,8
C1229,183,4,1088.99,2,3,3,233,8
C1231,374,2,623.97,1,1,2,112,4
C1232,80,3,293.28999999999996,3,2,1,321,6
C1233,74,2,189.89000000000001,3,1,1,311,5
C1234,81,6,1238.71,3,4,3,343,10
C1235,95,2,610.0699999999999,3,1,2,312,6
C1236,135,9,3903.97,2,4,4,244,10
C1237,9,2,548.78,4,1,2,412,7
C1238,106,7,4260.5,3,4,4,344,11
C1239,74,1,35.06,3,1,1,311,5
C1240,338,1,38.03,1,1,1,111,3
C1241,405,3,98.82,1,2,1,121,4
C1243,312,1,119.97,1,1,1,111,3
C1244,199,6,4255.86,2,4,4,244,10
C1245,201,2,729.61,2,1,2,212,5
C1246,56,8,1353.86,3,4,3,343,10
C1247,95,5,905.27,3,4,2,342,9
C1248,534,1,88.97,1,1,1,111,3
C1249,74,3,378.64,3,2,2,322,7
C1250,25,3,1008.6800000000001,4,2,3,423,9
C1251,70,4,490.44,3,3,2,332,8
C1252,288,2,99.41,1,1,1,111,3
C1253,466,2,571.56,1,1,2,112,4
C1254,117,2,127.68,3,1,1,311,5
C1255,204,5,2478.93,2,4,4,244,10
C1257,21,3,3779.4300000000003,4,2,4,424,10
C1259,286,2,432.31,1,1,2,112,4
C1260,575,1,640.3,1,1,2,112,4
C1261,238,3,2867.1499999999996,2,2,4,224,8
C1262,44,2,1552.6399999999999,4,1,3,413,8
C1263,467,2,3959.04,1,1,4,114,6
C1264,40,3,1949.6399999999999,4,2,3,423,9
C1265,159,3,1610.94,2,2,3,223,7
C1266,141,2,219.51,2,1,1,211,4
C1267,184,2,326.76,2,1,2,212,5
C1268,256,4,2219.55,1,3,3,133,7
C1269,224,3,2660.46,2,2,4,224,8
C1270,287,4,527.1700000000001,1,3,2,132,6
C1271,117,3,681.76,3,2,2,322,7
C1272,192,4,840.19,2,3,2,232,7
C1273,129,3,1953.17,3,2,3,323,8
C1274,487,1,22.77,1,1,1,111,3
C1275,83,5,854.2,3,4,2,342,9
C1276,53,3,1142.96,4,2,3,423,9
C1277,156,4,3697.31,2,3,4,234,9
C1278,92,2,116.03,3,1,1,311,5
C1279,399,2,396.87,1,1,2,112,4
C1280,106,2,805.5799999999999,3,1,2,312,6
C1281,2,4,3333.29,4,3,4,434,11
C1282,24,8,3110.42,4,4,4,444,12
C1283,346,2,109.31,1,1,1,111,3
C1284,213,3,1519.37,2,2,3,223,7
C1285,90,1,56.69,3,1,1,311,5
C1286,20,4,582.66,4,3,2,432,9
C1287,158,5,2188.48,2,4,3,243,9
C1288,150,3,205.86,2,2,1,221,5
C1289,239,1,47.1,2,1,1,211,4
C1290,23,2,344.9,4,1,2,412,7
C1291,282,1,230.61,1,1,1,111,3
C1292,249,3,359.2,2,2,2,222,6
C1293,17,3,301.89,4,2,2,422,8
C1294,26,3,313.82,4,2,2,422,8
C1295,15,5,2438.21,4,4,4,444,12
C1297,168,2,118.41,2,1,1,211,4
C1298,39,3,3041.2,4,2,4,424,10
C1299,76,2,332.05,3,1,2,312,6
C1300,469,2,2033.35,1,1,3,113,5
C1301,82,4,4869.9,3,3,4,334,10
C1302,1,5,2335.9300000000003,4,4,3,443,11
C1303,236,4,4144.87,2,3,4,234,9
C1304,539,1,38.43,1,1,1,111,3
C1305,98,2,147.8,3,2,1,321,6
C1306,487,1,3767.37,1,1,4,114,6
C1307,118,4,504.08,3,3,2,332,8
C1308,173,2,1402.05,2,2,3,223,7
C1309,36,3,843.18,4,2,2,422,8
C1310,86,4,1624.03,3,3,3,333,9
C1311,470,1,98.3,1,1,1,111,3
C1312,79,4,1617.33,3,3,3,333,9
C1313,28,7,2751.27,4,4,4,444,12
C1314,297,5,803.98,1,4,2,142,7
C1315,314,3,290.65999999999997,1,2,1,121,4
C1316,185,5,3957.6499999999996,2,4,4,244,10
C1317,154,3,1001.0600000000001,2,2,3,223,7
C1318,304,2,2056.77,1,2,3,123,6
C1320,103,3,344.7,3,2,2,322,7
C1321,311,3,898.95,1,2,2,122,5
C1322,43,1,35.61,4,1,1,411,6
C1323,410,1,391.53,1,1,2,112,4
C1324,4,2,75.78999999999999,4,2,1,421,7
C1325,144,4,414.40999999999997,2,3,2,232,7
C1326,146,5,2991.1000000000004,2,4,4,244,10
C1327,340,2,4700.45,1,2,4,124,7
C1328,508,1,27.22,1,1,1,111,3
C1329,349,1,51.33,1,1,1,111,3
C1330,5,8,5098.7300000000005,4,4,4,444,12
C1331,525,2,870.86,1,2,2,122,5
C1332,34,3,1687.83,4,2,3,423,9
C1333,268,1,2837.26,1,1,4,114,6
C1334,251,5,4725.13,2,4,4,244,10
C1335,263,4,1188.6399999999999,1,3,3,133,7
C1336,92,4,503.90999999999997,3,3,2,332,8
C1337,69,5,457.25,3,4,2,342,9
C1338,170,5,1086.99,2,4,3,243,9
C1339,12,5,1675.29,4,4,3,443,11
C1340,169,3,495.96,2,2,2,222,6
C1341,129,2,346.73,3,2,2,322,7
C1342,60,3,783.77,3,2,2,322,7
C1344,194,4,1274.52,2,3,3,233,8
C1347,491,2,138.74,1,2,1,121,4
C1348,164,2,296.57,2,2,1,221,5
C1349,352,2,86.5,1,2,1,121,4
C1350,6,2,386.06,4,2,2,422,8
C1351,126,2,4098.67,3,2,4,324,9
C1353,36,3,3406.49,4,2,4,424,10
C1354,39,8,1485.16,4,4,3,443,11
C1355,182,3,283.11,2,2,1,221,5
C1356,68,2,993.8100000000001,3,2,3,323,8
C1357,598,1,83.98,1,1,1,111,3
C1358,99,1,90.56,3,1,1,311,5
C1359,180,4,1542.92,2,3,3,233,8
C1360,498,3,3529.9300000000003,1,2,4,124,7
C1361,133,3,2403.42,3,2,3,323,8
C1362,89,4,3805.98,3,3,4,334,10
C1363,54,5,1884.3400000000001,3,4,3,343,10
C1364,291,1,1013.79,1,1,3,113,5
C1365,184,4,3617.88,2,3,4,234,9
C1366,97,6,2163.88,3,4,3,343,10
C1367,324,4,1848.77,1,3,3,133,7
C1368,197,4,1317.54,2,3,3,233,8
C1369,164,2,1305.42,2,2,3,223,7
C1370,50,5,3967.59,4,4,4,444,12
C1371,384,2,247.18,1,2,1,121,4
C1372,158,1,43.13,2,1,1,211,4
C1373,13,1,219.41,4,1,1,411,6
C1374,225,5,4386.86,2,4,4,244,10
C1375,115,4,3441.31,3,3,4,334,10
C1376,421,1,163.52,1,1,1,111,3
C1377,25,4,360.27,4,3,2,432,9
C1378,356,2,119.72,1,2,1,121,4
C1379,102,2,1186.5900000000001,3,2,3,323,8
C1380,46,3,3522.83,4,2,4,424,10
C1381,84,3,821.5600000000001,3,2,2,322,7
C1382,68,3,2642.62,3,2,4,324,9
C1383,34,6,2285.45,4,4,3,443,11
C1384,108,2,524.32,3,2,2,322,7
C1385,112,3,2204.54,3,2,3,323,8
C1386,12,5,4046.5,4,4,4,444,12
C1387,99,6,1999.48,3,4,3,343,10
C1388,288,1,1729.24,1,1,3,113,5
C1389,21,7,3945.4700000000003,4,4,4,444,12
C1390,159,3,166.64,2,2,1,221,5
C1391,50,2,2601.5099999999998,4,2,4,424,10
C1392,89,3,4719.57,3,2,4,324,9
C1393,501,1,1305.74,1,1,3,113,5
C1394,329,1,25.24,1,1,1,111,3
C1395,287,2,81.69,1,2,1,121,4
C1396,284,1,77.04,1,1,1,111,3
C1397,340,2,140.09,1,2,1,121,4
C1398,81,3,591.5899999999999,3,2,2,322,7
C1399,149,4,371.48,2,3,2,232,7
C1400,50,6,2938.6400000000003,4,4,4,444,12
C1402,427,3,213.82999999999998,1,3,1,131,5
C1403,101,4,1443.44,3,3,3,333,9
C1404,12,4,1351.44,4,3,3,433,10
C1405,153,3,182.24,2,3,1,231,6
C1406,39,3,2286.6600000000003,4,3,3,433,10
C1407,336,1,325.52,1,1,2,112,4
C1408,46,4,3345.21,4,3,4,434,11
C1409,111,2,2517.0099999999998,3,2,4,324,9
C1410,347,1,280.44,1,1,1,111,3
C1411,6,5,4663.98,4,4,4,444,12
C1412,243,2,1039.5,2,2,3,223,7
C1413,76,5,1796.37,3,4,3,343,10
C1414,180,3,4379.3,2,3,4,234,9
C1415,330,4,2125.15,1,3,3,133,7
C1416,579,1,172.54,1,1,1,111,3
C1417,434,1,1661.59,1,1,3,113,5
C1418,14,4,1643.66,4,3,3,433,10
C1419,79,5,6264.849999999999,3,4,4,344,11
C1420,193,4,1036.68,2,3,3,233,8
C1421,74,3,4314.7699999999995,3,3,4,334,10
C1422,399,3,2429.15,1,3,4,134,8
C1423,313,4,1493.77,1,3,3,133,7
C1424,282,4,1237.53,1,3,3,133,7
C1425,518,2,187.48000000000002,1,2,1,121,4
C1426,87,2,151.12,3,2,1,321,6
C1427,94,3,7489.320000000001,3,3,4,334,10
C1428,94,4,1026.34,3,3,3,333,9
C1429,422,1,1390.71,1,1,3,113,5
C1430,150,3,310.83,2,3,2,232,7
C1431,33,1,92.98,4,1,1,411,6
C1432,22,4,413.19,4,3,2,432,9
C1433,127,4,1396.82,3,3,3,333,9
C1434,437,2,233.02999999999997,1,2,1,121,4
C1435,151,3,1749.47,2,3,3,233,8
C1436,589,1,196.06,1,1,1,111,3
C1437,220,5,7516.9,2,4,4,244,10
C1438,106,5,2416.08,3,4,4,344,11
C1439,225,1,14.66,2,1,1,211,4
C1440,21,3,201.04,4,3,1,431,8
C1441,363,2,143.42000000000002,1,2,1,121,4
C1442,82,4,505.9100000000001,3,3,2,332,8
C1443,42,3,4536.02,4,3,4,434,11
C1444,23,4,5453.39,4,3,4,434,11
C1445,320,4,2697.02,1,3,4,134,8
C1446,66,3,2036.22,3,3,3,333,9
C1447,60,2,525.1,3,2,2,322,7
C1448,50,3,978.44,4,3,3,433,10
C1449,98,5,5222.889999999999,3,4,4,344,11
C1450,75,5,1040.5700000000002,3,4,3,343,10
C1451,2,7,2692.58,4,4,4,444,12
C1452,10,4,255.08,4,3,1,431,8
C1453,16,2,2502.73,4,2,4,424,10
C1454,282,3,3095.7799999999997,1,3,4,134,8
C1455,13,3,236.66999999999996,4,3,1,431,8
C1456,140,4,4316.87,2,3,4,234,9
C1457,33,4,4343.73,4,3,4,434,11
C1458,145,4,328.99,2,3,2,232,7
C1459,134,2,341.98,2,2,2,222,6
C1460,482,2,578.1800000000001,1,2,2,122,5
C1461,350,4,540.01,1,3,2,132,6
C1462,76,1,82.34,3,1,1,311,5
C1463,195,2,454.27,2,2,2,222,6
C1464,75,4,554.17,3,3,2,332,8
C1466,135,1,2607.22,2,1,4,214,7
C1467,19,3,592.68,4,3,2,432,9
C1468,543,1,16.11,1,1,1,111,3
C1469,561,1,126.67,1,1,1,111,3
C1470,19,9,3364.9,4,4,4,444,12
C1471,85,2,579.07,3,2,2,322,7
C1472,115,1,106.46,3,1,1,311,5
C1473,80,5,834.07,3,4,2,342,9
C1474,89,1,550.89,3,1,2,312,6
C1475,159,1,133.41,2,1,1,211,4
C1476,58,2,644.4499999999999,3,2,2,322,7
C1477,166,2,1054.68,2,2,3,223,7
C1478,36,2,3950.93,4,2,4,424,10
C1479,92,6,1232.05,3,4,3,343,10
C1480,117,6,6299.6900000000005,3,4,4,344,11
C1481,152,1,1838.16,2,1,3,213,6
C1482,338,3,451.30999999999995,1,3,2,132,6
C1483,36,1,2728.97,4,1,4,414,9
C1484,29,4,1547.54,4,3,3,433,10
C1485,91,2,133.9,3,2,1,321,6
C1486,57,2,651.27,3,2,2,322,7
C1487,87,3,283.49,3,3,1,331,7
C1488,199,4,2465.08,2,3,4,234,9
C1489,83,7,6086.45,3,4,4,344,11
C1490,96,3,188.7,3,3,1,331,7
C1491,110,3,3758.38,3,3,4,334,10
C1492,109,4,3891.87,3,3,4,334,10
C1493,120,6,1418.1,3,4,3,343,10
C1494,4,6,1163.3500000000001,4,4,3,443,11
C1495,124,3,437.13,3,3,2,332,8
C1496,369,1,665.4,1,1,2,112,4
C1497,195,1,918.93,2,1,3,213,6
C1498,123,6,4873.93,3,4,4,344,11
C1499,133,3,741.77,3,3,2,332,8
C1500,218,2,293.27,2,2,1,221,5
C1501,26,2,65.5,4,2,1,421,7
C1502,10,4,2641.7699999999995,4,3,4,434,11
C1503,142,7,8025.38,2,4,4,244,10
C1504,73,5,206.46999999999997,3,4,1,341,8
C1505,452,1,26.93,1,1,1,111,3
C1506,174,3,355.94,2,3,2,232,7
C1507,84,3,1986.0500000000002,3,3,3,333,9
C1508,107,5,3617.55,3,4,4,344,11
C1509,489,1,49.48,1,1,1,111,3
C1510,103,6,5039.15,3,4,4,344,11
C1511,531,2,575.05,1,2,2,122,5
C1513,251,4,1190.43,2,3,3,233,8
C1514,48,4,3266.44,4,3,4,434,11
C1515,20,2,97.64,4,2,1,421,7
C1516,179,3,3647.27,2,3,4,234,9
C1517,7,3,1449.78,4,3,3,433,10
C1518,126,3,311.75,3,3,2,332,8
C1519,160,4,3227.0099999999998,2,3,4,234,9
C1520,35,1,43.2,4,1,1,411,6
C1521,34,1,1824.23,4,1,3,413,8
C1522,266,4,766.54,1,3,2,132,6
C1523,51,1,101.34,4,1,1,411,6
C1524,221,5,3023.29,2,4,4,244,10
C1525,71,3,789.25,3,3,2,332,8
C1526,575,2,113.15,1,2,1,121,4
C1527,35,5,1401.62,4,4,3,443,11
C1528,28,3,4719.049999999999,4,3,4,434,11
C1529,27,6,4042.85,4,4,4,444,12
C1530,489,1,277.95,1,1,1,111,3
C1531,105,3,769.05,3,3,2,332,8
C1532,107,2,719.9100000000001,3,2,2,322,7
C1533,11,5,1943.9299999999998,4,4,3,443,11
C1534,308,1,312.03,1,1,2,112,4
C1535,207,4,4504.85,2,3,4,234,9
C1536,16,4,1094.4299999999998,4,3,3,433,10
C1537,313,1,53.56,1,1,1,111,3
C1539,39,7,1479.8600000000001,4,4,3,443,11
C1540,225,4,2279.91,2,3,3,233,8
C1541,339,2,733.6,1,2,2,122,5
C1542,67,1,1079.75,3,1,3,313,7
C1543,334,3,362.87,1,3,2,132,6
C1545,23,1,3877.02,4,1,4,414,9
C1546,304,1,32.1,1,1,1,111,3
C1547,311,2,67.62,1,2,1,121,4
C1548,100,3,1587.24,3,3,3,333,9
C1549,85,4,5042.360000000001,3,3,4,334,10
C1550,226,2,132.89000000000001,2,2,1,221,5
C1551,128,3,1128.61,3,3,3,333,9
C1552,74,4,1356.46,3,3,3,333,9
C1553,183,1,93.09,2,1,1,211,4
C1554,42,3,200.54999999999998,4,3,1,431,8
C1555,100,4,2491.94,3,3,4,334,10
C1556,28,3,145.37,4,3,1,431,8
C1557,8,5,1284.8600000000001,4,4,3,443,11
C1558,259,4,569.5899999999999,1,3,2,132,6
C1559,123,6,4506.65,3,4,4,344,11
C1560,54,2,677.39,3,2,2,322,7
C1561,8,1,643.36,4,1,2,412,7
C1562,205,2,303.67,2,2,2,222,6
C1563,250,3,2581.31,2,3,4,234,9
C1564,6,3,583.05,4,3,2,432,9
C1565,37,2,238.99,4,2,1,421,7
C1566,44,4,656.35,4,3,2,432,9
C1567,41,3,2676.42,4,3,4,434,11
C1568,58,4,1846.66,3,3,3,333,9
C1569,29,5,1960.78,4,4,3,443,11
C1570,298,7,2959.0,1,4,4,144,9
C1571,206,2,411.14,2,2,2,222,6
C1572,41,6,6034.4800000000005,4,4,4,444,12
C1573,89,5,2310.63,3,4,3,343,10
C1574,49,5,629.59,4,4,2,442,10
C1575,170,2,345.76000000000005,2,2,2,222,6
C1577,468,2,1507.3600000000001,1,2,3,123,6
C1578,319,1,331.14,1,1,2,112,4
C1579,114,4,4054.8,3,3,4,334,10
C1580,191,1,3565.17,2,1,4,214,7
C1581,214,3,1958.98,2,3,3,233,8
C1582,150,3,3704.71,2,3,4,234,9
C1583,17,2,92.16,4,2,1,421,7
C1584,53,1,53.9,4,1,1,411,6
C1585,181,4,2280.52,2,3,3,233,8
C1586,452,2,268.86,1,2,1,121,4
C1587,120,4,5362.51,3,3,4,334,10
C1588,205,3,666.5699999999999,2,3,2,232,7
C1589,554,2,245.55,1,2,1,121,4
C1590,256,3,786.07,1,3,2,132,6
C1591,235,1,271.62,2,1,1,211,4
C1592,61,3,1758.3400000000001,3,3,3,333,9
C1594,20,3,846.52,4,3,2,432,9
C1595,112,6,5013.16,3,4,4,344,11
C1596,67,2,379.41999999999996,3,2,2,322,7
C1597,181,3,1066.59,2,3,3,233,8
C1598,103,3,3194.1499999999996,3,3,4,334,10
C1599,363,1,183.23,1,1,1,111,3
C1600,44,5,2232.24,4,4,3,443,11
C1601,2,3,231.94,4,3,1,431,8
C1602,78,3,460.59000000000003,3,3,2,332,8
C1603,357,1,21.49,1,1,1,111,3
C1604,25,2,151.41,4,2,1,421,7
C1605,30,9,6777.37,4,4,4,444,12
C1606,160,6,987.85,2,4,3,243,9
C1607,26,5,4567.24,4,4,4,444,12
C1608,255,1,33.86,1,1,1,111,3
C1609,317,4,518.04,1,3,2,132,6
C1610,63,3,4275.16,3,3,4,334,10
C1611,436,1,48.3,1,1,1,111,3
C1612,315,5,683.8199999999999,1,4,2,142,7
C1613,60,3,991.71,3,3,3,333,9
C1614,261,4,745.92,1,3,2,132,6
C1615,134,5,3841.79,2,4,4,244,10
C1617,101,6,2652.98,3,4,4,344,11
C1618,28,4,522.04,4,3,2,432,9
C1619,30,4,5100.43,4,3,4,434,11
C1620,12,2,1554.9,4,2,3,423,9
C1621,52,4,1962.73,4,3,3,433,10
C1622,213,1,9.59,2,1,1,211,4
C1623,387,3,295.81,1,3,1,131,5
C1624,389,2,342.88,1,2,2,122,5
C1625,86,3,4847.63,3,3,4,334,10
C1627,4,6,399.43,4,4,2,442,10
C1628,270,2,1568.37,1,2,3,123,6
C1629,350,4,5239.89,1,3,4,134,8
C1630,446,3,2960.83,1,3,4,134,8
C1631,79,1,579.99,3,1,2,312,6
C1633,146,2,255.47,2,2,1,221,5
C1634,29,2,206.05,4,2,1,421,7
C1635,371,2,165.91,1,2,1,121,4
C1636,590,1,80.46,1,1,1,111,3
C1637,41,5,391.64000000000004,4,4,2,442,10
C1638,98,4,3432.7799999999997,3,3,4,334,10
C1639,276,2,2234.9300000000003,1,2,3,123,6
C1641,117,2,1918.54,3,2,3,323,8
C1642,171,2,787.53,2,2,2,222,6
C1643,65,3,2248.09,3,3,3,333,9
C1644,318,5,426.69,1,4,2,142,7
C1645,111,1,28.4,3,1,1,311,5
C1646,90,1,91.21,3,1,1,311,5
C1647,563,1,31.28,1,1,1,111,3
C1648,148,4,1075.28,2,3,3,233,8
C1649,140,7,3134.71,2,4,4,244,10
C1650,246,4,3061.66,2,3,4,234,9
C1651,214,2,1160.05,2,2,3,223,7
C1652,264,4,2723.44,1,3,4,134,8
C1653,172,2,265.88,2,2,1,221,5
C1654,51,3,414.97,4,3,2,432,9
C1655,41,2,118.53,4,2,1,421,7
C1656,7,2,225.14999999999998,4,2,1,421,7
C1657,38,5,664.37,4,4,2,442,10
C1658,277,2,451.46000000000004,1,2,2,122,5
C1659,15,4,367.1,4,3,2,432,9
C1660,35,6,705.0400000000001,4,4,2,442,10
C1661,339,4,1558.8400000000001,1,3,3,133,7
C1662,169,4,1345.05,2,3,3,233,8
C1663,203,1,40.47,2,1,1,211,4
C1664,229,3,1264.25,2,3,3,233,8
C1666,133,2,1326.0,3,2,3,323,8
C1667,431,3,1198.18,1,3,3,133,7
C1668,341,2,2589.85,1,2,4,124,7
C1669,580,1,2993.15,1,1,4,114,6
C1670,240,2,1750.48,2,2,3,223,7
C1671,282,3,860.69,1,3,2,132,6
C1672,162,1,3455.6,2,1,4,214,7
C1673,54,5,552.85,3,4,2,342,9
C1674,115,6,6436.629999999999,3,4,4,344,11
C1675,230,2,174.16,2,2,1,221,5
C1676,31,4,1010.9300000000001,4,3,3,433,10
C1677,83,4,757.0,3,3,2,332,8
C1678,132,3,2311.9100000000003,3,3,3,333,9
C1679,315,3,174.88,1,3,1,131,5
C1680,34,5,1728.81,4,4,3,443,11
C1681,44,2,703.6800000000001,4,2,2,422,8
C1682,215,2,165.8,2,2,1,221,5
C1684,214,5,6495.17,2,4,4,244,10
C1685,200,3,1339.34,2,3,3,233,8
C1686,366,4,6395.69,1,3,4,134,8
C1687,13,5,3369.4099999999994,4,4,4,444,12
C1688,224,1,77.76,2,1,1,211,4
C1689,283,2,110.13,1,2,1,121,4
C1690,287,2,2164.18,1,2,3,123,6
C1691,178,2,208.72,2,2,1,221,5
C1692,200,6,1055.32,2,4,3,243,9
C1693,26,7,1085.1100000000001,4,4,3,443,11
C1694,151,2,923.48,2,2,3,223,7
C1695,62,3,365.90999999999997,3,3,2,332,8
C1697,18,3,158.65,4,3,1,431,8
C1698,47,7,2241.62,4,4,3,443,11
C1699,20,6,8331.1,4,4,4,444,12
C1700,26,2,1337.41,4,2,3,423,9
C1701,399,4,3504.83,1,3,4,134,8
C1702,71,1,1429.39,3,1,3,313,7
C1703,578,1,236.61,1,1,1,111,3
C1706,185,1,65.47,2,1,1,211,4
C1707,451,1,73.32,1,1,1,111,3
C1708,80,4,3107.42,3,3,4,334,10
C1709,224,2,250.01999999999998,2,2,1,221,5
C1710,56,2,1688.32,3,2,3,323,8
C1711,248,3,337.96999999999997,2,3,2,232,7
C1712,327,2,1220.55,1,2,3,123,6
C1713,2,5,1025.2,4,4,3,443,11
C1714,423,2,4242.900000000001,1,2,4,124,7
C1715,214,3,212.59,2,3,1,231,6
C1716,31,2,1761.94,4,2,3,423,9
C1717,20,4,3913.64,4,3,4,434,11
C1718,133,2,387.45,3,2,2,322,7
C1719,28,8,3130.83,4,4,4,444,12
C1720,46,8,5937.179999999999,4,4,4,444,12
C1721,74,2,177.65,3,2,1,321,6
C1722,186,1,168.95,2,1,1,211,4
C1723,443,1,102.06,1,1,1,111,3
C1724,368,3,634.3199999999999,1,3,2,132,6
C1725,77,8,8062.7,3,4,4,344,11
C1726,141,2,145.05,2,2,1,221,5
C1727,11,5,680.61,4,4,2,442,10
C1728,215,3,636.45,2,3,2,232,7
C1729,16,1,2035.86,4,1,3,413,8
C1730,106,4,2917.63,3,3,4,334,10
C1731,331,3,660.47,1,3,2,132,6
C1732,237,5,4218.98,2,4,4,244,10
C1733,39,5,1355.41,4,4,3,443,11
C1734,395,2,1146.9,1,2,3,123,6
C1735,119,4,290.16999999999996,3,4,1,341,8
C1736,18,2,754.66,4,2,2,422,8
C1737,41,4,1244.54,4,4,3,443,11
C1738,175,2,232.75,2,2,1,221,5
C1739,139,3,2343.57,2,3,3,233,8
C1740,199,2,93.80000000000001,2,2,1,221,5
C1741,12,2,2780.9700000000003,4,2,4,424,10
C1742,163,3,3763.75,2,3,4,234,9
C1743,336,1,114.8,1,1,1,111,3
C1744,50,3,656.4399999999999,4,3,2,432,9
C1745,29,2,236.19,4,2,1,421,7
C1746,6,1,1686.31,4,1,3,413,8
C1748,94,4,3629.1,3,4,4,344,11
C1749,203,2,2737.23,2,2,4,224,8
C1750,146,5,4432.25,2,4,4,244,10
C1751,19,2,307.83,4,2,2,422,8
C1752,374,6,3330.13,1,4,4,144,9
C1753,219,6,3056.0599999999995,2,4,4,244,10
C1754,279,2,470.68,1,2,2,122,5
C1755,33,2,318.65999999999997,4,2,2,422,8
C1756,111,2,94.78,3,2,1,321,6
C1757,196,8,2852.06,2,4,4,244,10
C1758,225,2,283.96,2,2,1,221,5
C1759,55,2,1181.58,3,2,3,323,8
C1760,252,3,314.31,2,3,2,232,7
C1761,472,1,321.75,1,1,2,112,4
C1762,119,3,2268.32,3,3,3,333,9
C1763,259,1,218.94,1,1,1,111,3
C1764,84,2,175.64000000000001,3,2,1,321,6
C1765,427,2,392.68,1,2,2,122,5
C1766,163,2,538.33,2,2,2,222,6
C1767,37,5,2998.0499999999997,4,4,4,444,12
C1768,75,2,470.56,3,2,2,322,7
C1769,572,2,232.76999999999998,1,2,1,121,4
C1770,218,1,103.31,2,1,1,211,4
C1771,7,2,337.77000000000004,4,2,2,422,8
C1772,188,1,1500.87,2,1,3,213,6
C1773,177,1,142.71,2,1,1,211,4
C1775,48,5,1324.22,4,4,3,443,11
C1776,175,1,24.2,2,1,1,211,4
C1777,18,4,496.12,4,4,2,442,10
C1778,92,2,3378.74,3,2,4,324,9
C1779,248,3,3903.56,2,3,4,234,9
C1780,180,4,3948.79,2,4,4,244,10
C1781,180,1,22.14,2,1,1,211,4
C1782,67,7,4171.21,3,4,4,344,11
C1783,59,4,6075.21,3,4,4,344,11
C1784,9,8,6505.54,4,4,4,444,12
C1786,37,2,233.99,4,2,1,421,7
C1787,406,1,25.7,1,1,1,111,3
C1788,118,2,1242.3799999999999,3,2,3,323,8
C1789,32,6,2301.34,4,4,3,443,11
C1790,86,4,3551.15,3,4,4,344,11
C1791,123,5,676.57,3,4,2,342,9
C1792,181,3,3073.26,2,3,4,234,9
C1793,199,4,218.8,2,4,1,241,7
C1794,43,5,2597.19,4,4,4,444,12
C1795,362,4,720.16,1,4,2,142,7
C1796,148,3,2175.36,2,3,3,233,8
C1797,382,1,844.03,1,1,2,112,4
C1798,219,3,348.65,2,3,2,232,7
C1799,257,6,395.37,1,4,2,142,7
C1800,254,1,2531.34,1,1,4,114,6
C1801,21,5,3851.0299999999997,4,4,4,444,12
C1802,68,4,1018.8499999999999,3,4,3,343,10
C1803,16,6,4646.13,4,4,4,444,12
C1804,14,3,579.34,4,3,2,432,9
C1805,42,1,69.82,4,1,1,411,6
C1806,109,3,222.85,3,3,1,331,7
C1807,25,4,2023.5900000000001,4,4,3,443,11
C1808,4,1,457.23,4,1,2,412,7
C1809,24,4,694.92,4,4,2,442,10
C1810,42,3,1635.9199999999998,4,3,3,433,10
C1813,295,2,560.39,1,2,2,122,5
C1814,7,3,1961.1799999999998,4,3,3,433,10
C1815,2,1,265.26,4,1,1,411,6
C1816,237,5,1222.09,2,4,3,243,9
C1817,327,1,73.55,1,1,1,111,3
C1818,244,1,157.1,2,1,1,211,4
C1819,578,1,26.61,1,1,1,111,3
C1820,384,2,3955.64,1,2,4,124,7
C1821,74,7,881.98,3,4,2,342,9
C1822,399,1,568.24,1,1,2,112,4
C1823,111,3,2696.02,3,3,4,334,10
C1824,32,9,5510.16,4,4,4,444,12
C1825,76,3,375.84999999999997,3,3,2,332,8
C1826,237,2,33.82,2,2,1,221,5
C1827,141,2,171.57,2,2,1,221,5
C1828,446,1,56.55,1,1,1,111,3
C1829,22,7,3530.3,4,4,4,444,12
C1830,41,3,825.76,4,3,2,432,9
C1831,126,4,424.95,3,4,2,342,9
C1832,90,8,2219.12,3,4,3,343,10
C1833,37,5,1740.93,4,4,3,443,11
C1834,144,5,3382.87,2,4,4,244,10
C1835,48,5,2460.46,4,4,4,444,12
C1836,129,3,4626.68,3,3,4,334,10
C1837,47,2,891.4200000000001,4,2,2,422,8
C1838,358,1,217.76,1,1,1,111,3
C1839,454,2,104.88,1,2,1,121,4
C1840,405,2,155.19,1,2,1,121,4
C1841,193,1,48.75,2,1,1,211,4
C1842,163,2,2658.86,2,2,4,224,8
C1843,108,5,3053.15,3,4,4,344,11
C1844,194,3,407.91,2,3,2,232,7
C1845,163,2,988.9,2,2,3,223,7
C1846,134,1,85.76,2,1,1,211,4
C1847,93,3,461.43,3,3,2,332,8
C1848,27,7,3400.18,4,4,4,444,12
C1849,100,2,182.39,3,2,1,321,6
C1850,218,5,1031.8700000000001,2,4,3,243,9
C1851,193,4,841.67,2,4,2,242,8
C1852,131,4,923.5600000000001,3,4,3,343,10
C1853,411,1,100.22,1,1,1,111,3
C1854,212,5,3875.95,2,4,4,244,10
C1855,307,4,5126.72,1,4,4,144,9
C1856,81,3,1600.97,3,3,3,333,9
C1857,9,8,6257.69,4,4,4,444,12
C1858,11,2,204.28,4,2,1,421,7
C1859,182,2,427.3,2,2,2,222,6
C1860,37,3,1076.6,4,3,3,433,10
C1861,238,1,447.25,2,1,2,212,5
C1862,165,4,371.0,2,4,2,242,8
C1863,63,5,1992.77,3,4,3,343,10
C1864,310,2,179.53,1,2,1,121,4
C1865,339,1,199.33,1,1,1,111,3
C1866,424,1,312.09,1,1,2,112,4
C1867,225,5,304.24,2,4,2,242,8
C1868,139,5,1360.74,2,4,3,243,9
C1869,346,3,857.5799999999999,1,3,2,132,6
C1870,10,4,287.22,4,4,1,441,9
C1871,49,5,1182.79,4,4,3,443,11
C1872,469,1,153.85,1,1,1,111,3
C1873,347,1,17.2,1,1,1,111,3
C1874,194,2,259.53,2,2,1,221,5
C1875,133,4,664.29,3,4,2,342,9
C1876,100,4,2535.7,3,4,4,344,11
C1877,85,1,345.07,3,1,2,312,6
C1878,29,2,184.3,4,2,1,421,7
C1879,56,4,394.65999999999997,3,4,2,342,9
C1880,118,4,648.39,3,4,2,342,9
C1881,140,2,458.58000000000004,2,2,2,222,6
C1882,95,4,4292.360000000001,3,4,4,344,11
C1883,66,6,2228.98,3,4,3,343,10
C1884,262,2,230.91,1,2,1,121,4
C1885,25,3,1642.59,4,3,3,433,10
C1886,81,5,5682.58,3,4,4,344,11
C1887,97,3,431.85,3,3,2,332,8
C1888,158,3,765.56,2,3,2,232,7
C1889,287,7,3760.81,1,4,4,144,9
C1890,52,7,5153.54,4,4,4,444,12
C1891,115,2,1248.6,3,2,3,323,8
C1892,258,3,237.51,1,3,1,131,5
C1893,194,1,1083.53,2,1,3,213,6
C1894,76,4,932.52,3,4,3,343,10
C1896,143,6,2334.61,2,4,3,243,9
C1897,181,4,3708.4700000000003,2,4,4,244,10
C1898,62,4,537.15,3,4,2,342,9
C1899,239,4,2278.29,2,4,3,243,9
C1900,46,5,1650.5900000000001,4,4,3,443,11
C1901,140,5,1089.5800000000002,2,4,3,243,9
C1902,46,3,590.78,4,3,2,432,9
C1903,406,3,4721.92,1,3,4,134,8
C1904,367,2,453.24,1,2,2,122,5
C1905,343,3,438.15,1,3,2,132,6
C1906,396,3,3350.34,1,3,4,134,8
C1907,221,1,37.04,2,1,1,211,4
C1908,50,5,4359.55,4,4,4,444,12
C1909,216,1,47.51,2,1,1,211,4
C1910,103,3,820.02,3,3,2,332,8
C1911,139,4,524.7,2,4,2,242,8
C1912,2,3,2702.18,4,3,4,434,11
C1913,295,3,3758.27,1,3,4,134,8
C1914,124,4,1106.86,3,4,3,343,10
C1915,16,3,452.33000000000004,4,3,2,432,9
C1916,164,6,910.06,2,4,3,243,9
C1917,209,3,3361.43,2,3,4,234,9
C1918,21,3,1770.98,4,3,3,433,10
C1919,3,6,6924.24,4,4,4,444,12
C1920,24,2,1207.48,4,2,3,423,9
C1921,214,1,615.17,2,1,2,212,5
C1922,193,6,2215.85,2,4,3,243,9
C1923,38,4,3163.94,4,4,4,444,12
C1924,224,8,1179.05,2,4,3,243,9
C1925,46,4,2103.41,4,4,3,443,11
C1926,523,1,107.4,1,1,1,111,3
C1927,3,4,3875.7200000000003,4,4,4,444,12
C1928,242,3,2731.79,2,3,4,234,9
C1929,209,3,1353.52,2,3,3,233,8
C1930,498,1,350.73,1,1,2,112,4
C1931,14,4,3688.52,4,4,4,444,12
C1932,37,2,373.37,4,2,2,422,8
C1933,38,3,176.69,4,3,1,431,8
C1934,236,2,365.27,2,2,2,222,6
C1935,38,5,3019.0,4,4,4,444,12
C1936,169,4,563.9300000000001,2,4,2,242,8
C1937,89,6,4576.08,3,4,4,344,11
C1938,96,2,1774.71,3,2,3,323,8
C1939,138,4,510.83,2,4,2,242,8
C1940,199,2,150.18,2,2,1,221,5
C1941,63,4,736.15,3,4,2,342,9
C1942,416,1,780.52,1,1,2,112,4
C1943,273,4,849.71,1,4,2,142,7
C1944,264,6,2822.39,1,4,4,144,9
C1945,36,6,3854.5499999999997,4,4,4,444,12
C1946,116,4,4368.0599999999995,3,4,4,344,11
C1947,264,2,113.31,1,2,1,121,4
C1949,178,5,5765.51,2,4,4,244,10
C1950,43,1,906.36,4,1,3,413,8
C1951,63,4,1574.16,3,4,3,343,10
C1952,151,3,291.76,2,3,1,231,6
C1953,127,3,917.1099999999999,3,3,3,333,9
C1954,93,2,3354.28,3,2,4,324,9
C1955,512,1,23.71,1,1,1,111,3
C1956,63,2,1579.34,3,2,3,323,8
C1957,289,2,1245.6299999999999,1,2,3,123,6
C1958,52,3,209.37,4,3,1,431,8
C1959,192,4,564.9300000000001,2,4,2,242,8
C1960,563,1,219.51,1,1,1,111,3
C1961,59,5,1451.87,3,4,3,343,10
C1962,124,6,1998.25,3,4,3,343,10
C1963,270,3,444.57,1,3,2,132,6
C1964,26,4,1046.26,4,4,3,443,11
C1965,380,1,62.03,1,1,1,111,3
C1967,4,4,3819.79,4,4,4,444,12
C1969,6,2,720.05,4,2,2,422,8
C1970,165,4,4168.93,2,4,4,244,10
C1971,22,3,231.34,4,3,1,431,8
C1972,202,4,646.77,2,4,2,242,8
C1973,6,4,447.96000000000004,4,4,2,442,10
C1974,258,3,238.42,1,3,1,131,5
C1975,321,3,1245.13,1,3,3,133,7
C1976,142,2,240.08,2,2,1,221,5
C1977,253,2,735.22,2,2,2,222,6
C1978,22,3,1907.1000000000001,4,3,3,433,10
C1979,262,4,3615.66,1,4,4,144,9
C1980,44,5,356.33000000000004,4,4,2,442,10
C1981,306,3,369.79999999999995,1,3,2,132,6
C1982,34,4,164.64,4,4,1,441,9
C1983,6,3,255.47,4,3,1,431,8
C1984,131,2,1437.3000000000002,3,2,3,323,8
C1985,11,2,683.75,4,2,2,422,8
C1986,305,1,137.7,1,1,1,111,3
C1987,181,7,5541.93,2,4,4,244,10
C1988,121,2,405.17999999999995,3,2,2,322,7
C1989,103,3,2592.5099999999998,3,3,4,334,10
C1990,30,3,494.76,4,3,2,432,9
C1991,16,5,1731.85,4,4,3,443,11
C1992,210,4,1875.1000000000001,2,4,3,243,9
C1993,131,3,408.11,3,3,2,332,8
C1994,444,2,210.06,1,2,1,121,4
C1995,483,1,302.7,1,1,2,112,4
C1996,369,1,1724.88,1,1,3,113,5
C1997,230,1,1699.76,2,1,3,213,6
C1998,45,2,887.7,4,2,2,422,8
